,name,orig_n,orig_m,attr_name,model,mu,clustering,cost,branch_factor,height,graph_dl,num_rules,unique_rules,grammar_dl
0,karate,34,78,club,AVRG-mu-random,8,cond,1007,2.0,10,3015.3728650601124,6,6,1336.7192678397855
1,karate,34,78,club,AVRG-mu-random,3,cond,1007,2.0,10,3015.3728650601124,20,17,1155.5830284307515
2,karate,34,78,club,VRG-mu-random,3,leiden,1724,2.8333333333333335,4,3015.3728650601124,11,11,1737.7055642183363
3,karate,34,78,club,VRG-mu-random,8,leiden,1724,2.8333333333333335,4,3015.3728650601124,6,6,1228.307619160468
4,karate,34,78,club,VRG-mu-random,3,cond,1007,2.0,10,3015.3728650601124,20,18,1100.3196279240024
5,karate,34,78,club,AVRG-mu-random,3,leiden,1724,2.8333333333333335,4,3015.3728650601124,11,10,1994.1906611510938
6,karate,34,78,club,AVRG-mu-random,8,leiden,1724,2.8333333333333335,4,3015.3728650601124,6,6,1608.2346219132614
7,karate,34,78,club,VRG-all-tnodes,3,leiden,1724,2.8333333333333335,4,3015.3728650601124,18,18,1146.085505694294
8,karate,34,78,club,VRG-mu-random,8,cond,1007,2.0,10,3015.3728650601124,6,6,1072.2049017344718
9,karate,34,78,club,AVRG-mu-random,8,spectral,1131,2.375,5,3015.3728650601124,7,7,1343.4053823342033
10,karate,34,78,club,VRG-mu-random,3,spectral,1131,2.375,5,3015.3728650601124,14,14,1727.5632201632898
11,karate,34,78,club,VRG-mu-random,8,spectral,1131,2.375,5,3015.3728650601124,7,7,1073.8113825186056
12,karate,34,78,club,AVRG-mu-random,3,spectral,1131,2.375,5,3015.3728650601124,14,14,1944.1426683900586
13,karate,34,78,club,VRG-all-tnodes,3,spectral,1131,2.375,5,3015.3728650601124,24,21,1266.2979251169186
14,karate,34,78,club,AVRG-all-tnodes,3,leiden,1724,2.8333333333333335,4,3015.3728650601124,18,17,1272.32361846332
15,karate,34,78,club,AVRG-all-tnodes,3,cond,1007,2.0,10,3015.3728650601124,33,22,1002.5808900795918
16,karate,34,78,club,AVRG-all-tnodes,3,spectral,1131,2.375,5,3015.3728650601124,24,21,1380.9806451453808
17,karate,34,78,club,VRG-all-tnodes,3,cond,1007,2.0,10,3015.3728650601124,33,27,1167.494562079251
18,karate,34,78,club,AVRG-mu-random,8,consensus,908,2.5714285714285716,5,3015.3728650601124,6,6,1518.9207015144611
19,karate,34,78,club,AVRG-mu-random,3,consensus,908,2.5714285714285716,5,3015.3728650601124,8,8,3389.384349391792
20,karate,34,78,club,VRG-mu-random,8,consensus,908,2.5714285714285716,5,3015.3728650601124,6,6,1195.5692459226682
21,karate,34,78,club,VRG-all-tnodes,3,consensus,908,2.5714285714285716,5,3015.3728650601124,21,20,1098.8148226802832
22,karate,34,78,club,VRG-mu-random,3,consensus,908,2.5714285714285716,5,3015.3728650601124,8,7,3004.316440553192
23,karate,34,78,club,AVRG-all-tnodes,3,consensus,908,2.5714285714285716,5,3015.3728650601124,21,17,1101.0664148106787
24,karate,34,78,club,VRG-mu-random,6,cond,1007,2.0,10,3015.3728650601124,8,8,1208.9737601392271
25,karate,34,78,club,VRG-mu-random,7,cond,1007,2.0,10,3015.3728650601124,8,8,1187.2517381576217
26,karate,34,78,club,AVRG-mu-random,6,cond,1007,2.0,10,3015.3728650601124,8,8,1422.9118108421403
27,karate,34,78,club,VRG-mu-random,5,cond,1007,2.0,10,3015.3728650601124,9,9,1143.7795889929923
28,karate,34,78,club,VRG-mu-random,5,spectral,1131,2.375,5,3015.3728650601124,10,10,1338.8250077200876
29,karate,34,78,club,VRG-mu-random,4,cond,1007,2.0,10,3015.3728650601124,12,12,1129.083191853293
30,karate,34,78,club,AVRG-mu-random,5,cond,1007,2.0,10,3015.3728650601124,9,9,1331.3037899432618
31,karate,34,78,club,AVRG-mu-random,7,cond,1007,2.0,10,3015.3728650601124,8,8,1406.5799236819253
32,karate,34,78,club,AVRG-mu-random,4,cond,1007,2.0,10,3015.3728650601124,12,12,1295.3271292265774
33,karate,34,78,club,VRG-mu-random,4,spectral,1131,2.375,5,3015.3728650601124,12,12,1336.430797480017
34,karate,34,78,club,VRG-mu-random,6,spectral,1131,2.375,5,3015.3728650601124,9,9,1101.6737619207424
35,karate,34,78,club,VRG-mu-random,7,spectral,1131,2.375,5,3015.3728650601124,7,7,1073.8113825186056
36,karate,34,78,club,AVRG-mu-random,7,spectral,1131,2.375,5,3015.3728650601124,7,7,1343.4053823342033
37,karate,34,78,club,VRG-mu-random,6,leiden,1724,2.8333333333333335,4,3015.3728650601124,7,7,1430.4290231321884
38,karate,34,78,club,AVRG-mu-random,6,spectral,1131,2.375,5,3015.3728650601124,9,9,1351.047149921457
39,karate,34,78,club,AVRG-mu-random,5,spectral,1131,2.375,5,3015.3728650601124,10,10,1572.8288723108437
40,karate,34,78,club,VRG-mu-random,4,leiden,1724,2.8333333333333335,4,3015.3728650601124,9,9,1701.9711893668482
41,karate,34,78,club,VRG-mu-random,5,leiden,1724,2.8333333333333335,4,3015.3728650601124,9,9,1557.9316681514729
42,karate,34,78,club,AVRG-mu-random,4,spectral,1131,2.375,5,3015.3728650601124,12,12,1526.1079337676274
43,karate,34,78,club,VRG-mu-random,7,leiden,1724,2.8333333333333335,4,3015.3728650601124,7,7,1056.5754544022877
44,karate,34,78,club,AVRG-mu-random,6,leiden,1724,2.8333333333333335,4,3015.3728650601124,7,7,1781.7297874128549
45,karate,34,78,club,AVRG-mu-random,7,leiden,1724,2.8333333333333335,4,3015.3728650601124,7,7,1394.741544570429
46,karate,34,78,club,AVRG-mu-random,5,leiden,1724,2.8333333333333335,4,3015.3728650601124,9,9,1856.0728497426353
47,karate,34,78,club,AVRG-mu-random,4,leiden,1724,2.8333333333333335,4,3015.3728650601124,9,9,2047.9611985224697
48,karate,34,78,club,VRG-mu-random,3,infomap,1739,9.25,2,3015.3728650601124,1,1,1551.3728650601124
49,karate,34,78,club,VRG-mu-random,6,consensus,908,2.5714285714285716,5,3015.3728650601124,8,8,1291.8096394824229
50,karate,34,78,club,AVRG-mu-random,6,consensus,908,2.5714285714285716,5,3015.3728650601124,8,8,1548.3342881727203
51,karate,34,78,club,VRG-mu-random,7,consensus,908,2.5714285714285716,5,3015.3728650601124,6,6,1195.5692459226682
52,karate,34,78,club,VRG-mu-random,4,consensus,908,2.5714285714285716,5,3015.3728650601124,11,11,1418.9046883402607
53,karate,34,78,club,VRG-mu-random,5,consensus,908,2.5714285714285716,5,3015.3728650601124,10,10,1372.872212678931
54,karate,34,78,club,AVRG-mu-random,4,consensus,908,2.5714285714285716,5,3015.3728650601124,11,11,1626.9633850407859
55,karate,34,78,club,AVRG-mu-random,7,consensus,908,2.5714285714285716,5,3015.3728650601124,6,6,1518.9207015144611
56,karate,34,78,club,AVRG-mu-random,5,consensus,908,2.5714285714285716,5,3015.3728650601124,10,10,1587.9138469195839
57,karate,34,78,club,VRG-mu-random,4,infomap,1739,9.25,2,3015.3728650601124,1,1,1551.3728650601124
58,karate,34,78,club,VRG-mu-random,7,infomap,1739,9.25,2,3015.3728650601124,2,2,2064.158540225464
59,karate,34,78,club,VRG-mu-random,5,infomap,1739,9.25,2,3015.3728650601124,2,2,2064.158540225464
60,karate,34,78,club,AVRG-mu-random,3,infomap,1739,9.25,2,3015.3728650601124,1,1,3053.3728650601124
61,karate,34,78,club,AVRG-mu-random,4,infomap,1739,9.25,2,3015.3728650601124,1,1,3053.3728650601124
62,karate,34,78,club,VRG-mu-random,6,infomap,1739,9.25,2,3015.3728650601124,2,2,2064.158540225464
63,karate,34,78,club,AVRG-mu-random,5,infomap,1739,9.25,2,3015.3728650601124,2,2,3004.95580076281
64,karate,34,78,club,AVRG-mu-random,6,infomap,1739,9.25,2,3015.3728650601124,2,2,3004.95580076281
65,karate,34,78,club,AVRG-all-tnodes,3,infomap,1739,9.25,2,3015.3728650601124,4,4,1755.9750165329926
66,karate,34,78,club,VRG-all-tnodes,3,infomap,1739,9.25,2,3015.3728650601124,4,4,1075.9750165329926
67,karate,34,78,club,AVRG-mu-random,7,infomap,1739,9.25,2,3015.3728650601124,2,2,3004.95580076281
68,football,115,613,value,VRG-mu-random,8,cond,18896,2.0,7,60141.85416244832,17,17,5854.490427338957
69,football,115,613,value,AVRG-mu-random,8,cond,18896,2.0,7,60141.85416244832,17,17,7769.732068012565
70,football,115,613,value,VRG-mu-random,3,cond,18896,2.0,7,60141.85416244832,72,54,4553.619231266639
71,football,115,613,value,AVRG-mu-random,3,cond,18896,2.0,7,60141.85416244832,72,67,5405.178773529041
72,football,115,613,value,VRG-mu-random,3,spectral,24713,3.533333333333333,5,60141.85416244832,27,17,38741.72262125704
73,football,115,613,value,VRG-mu-random,8,spectral,24713,3.533333333333333,5,60141.85416244832,34,28,7835.788085134305
74,football,115,613,value,AVRG-mu-random,3,spectral,24713,3.533333333333333,5,60141.85416244832,27,22,43128.77756712741
75,football,115,613,value,VRG-all-tnodes,3,spectral,24713,3.533333333333333,5,60141.85416244832,45,34,6598.877456815611
76,football,115,613,value,AVRG-mu-random,8,spectral,24713,3.533333333333333,5,60141.85416244832,34,32,9264.704820799085
77,football,115,613,value,VRG-mu-random,3,leiden,62812,4.8,4,60141.85416244832,1,1,15927.105233314634
78,football,115,613,value,VRG-all-tnodes,3,cond,18896,2.0,7,60141.85416244832,114,68,3984.131195486668
79,football,115,613,value,VRG-mu-random,8,leiden,62812,4.8,4,60141.85416244832,18,18,8578.655647595799
80,football,115,613,value,AVRG-mu-random,3,leiden,62812,4.8,4,60141.85416244832,1,1,60260.85416244832
81,football,115,613,value,VRG-all-tnodes,3,leiden,62812,4.8,4,60141.85416244832,30,30,5574.512884124357
82,football,115,613,value,AVRG-all-tnodes,3,spectral,24713,3.533333333333333,5,60141.85416244832,45,40,7666.371121406447
83,football,115,613,value,AVRG-all-tnodes,3,cond,18896,2.0,7,60141.85416244832,114,78,4311.619168618008
84,football,115,613,value,AVRG-mu-random,8,leiden,62812,4.8,4,60141.85416244832,18,18,11856.610143593954
85,football,115,613,value,AVRG-all-tnodes,3,leiden,62812,4.8,4,60141.85416244832,30,30,7310.463419113748
86,football,115,613,value,VRG-mu-random,3,consensus,17593,5.384615384615385,5,60141.85416244832,2,2,24824.658309498926
87,football,115,613,value,VRG-mu-random,8,consensus,17593,5.384615384615385,5,60141.85416244832,12,12,16721.308574966126
88,football,115,613,value,VRG-all-tnodes,3,consensus,17593,5.384615384615385,5,60141.85416244832,26,24,4272.218540460553
89,football,115,613,value,AVRG-mu-random,3,consensus,17593,5.384615384615385,5,60141.85416244832,2,2,60943.50098800364
90,football,115,613,value,AVRG-mu-random,8,consensus,17593,5.384615384615385,5,60141.85416244832,12,12,20473.026976926474
91,football,115,613,value,AVRG-all-tnodes,3,consensus,17593,5.384615384615385,5,60141.85416244832,26,23,5799.855246884779
92,football,115,613,value,VRG-mu-random,4,spectral,24713,3.533333333333333,5,60141.85416244832,32,23,27318.012736990233
93,football,115,613,value,VRG-mu-random,5,spectral,24713,3.533333333333333,5,60141.85416244832,34,25,22754.37263889228
94,football,115,613,value,VRG-mu-random,7,cond,18896,2.0,7,60141.85416244832,22,22,5140.5197890043655
95,football,115,613,value,AVRG-mu-random,7,cond,18896,2.0,7,60141.85416244832,22,21,6515.511730082591
96,football,115,613,value,VRG-mu-random,6,cond,18896,2.0,7,60141.85416244832,34,31,5234.981340933023
97,football,115,613,value,VRG-mu-random,5,cond,18896,2.0,7,60141.85416244832,35,32,5164.2609456902255
98,football,115,613,value,AVRG-mu-random,5,cond,18896,2.0,7,60141.85416244832,35,35,6492.937311192832
99,football,115,613,value,AVRG-mu-random,6,cond,18896,2.0,7,60141.85416244832,34,34,6592.958468066852
100,football,115,613,value,VRG-mu-random,4,cond,18896,2.0,7,60141.85416244832,40,37,4768.343944893969
101,football,115,613,value,VRG-mu-random,6,spectral,24713,3.533333333333333,5,60141.85416244832,34,25,22754.37263889228
102,football,115,613,value,AVRG-mu-random,4,cond,18896,2.0,7,60141.85416244832,40,37,5239.936021518673
103,football,115,613,value,AVRG-mu-random,4,spectral,24713,3.533333333333333,5,60141.85416244832,32,27,29581.650627359624
104,football,115,613,value,VRG-mu-random,4,leiden,62812,4.8,4,60141.85416244832,4,4,32263.680639484057
105,football,115,613,value,AVRG-mu-random,5,spectral,24713,3.533333333333333,5,60141.85416244832,34,29,24551.536067522975
106,football,115,613,value,VRG-mu-random,7,spectral,24713,3.533333333333333,5,60141.85416244832,39,30,7711.549658608154
107,football,115,613,value,VRG-mu-random,5,leiden,62812,4.8,4,60141.85416244832,9,9,30039.24451328898
108,football,115,613,value,AVRG-mu-random,6,spectral,24713,3.533333333333333,5,60141.85416244832,34,29,24551.536067522975
109,football,115,613,value,AVRG-mu-random,4,leiden,62812,4.8,4,60141.85416244832,4,4,56629.90723410478
110,football,115,613,value,AVRG-mu-random,5,leiden,62812,4.8,4,60141.85416244832,9,9,43242.796502399775
111,football,115,613,value,AVRG-mu-random,7,spectral,24713,3.533333333333333,5,60141.85416244832,39,34,8960.10135117296
112,football,115,613,value,VRG-mu-random,6,leiden,62812,4.8,4,60141.85416244832,18,18,12741.36772735623
113,football,115,613,value,VRG-mu-random,7,leiden,62812,4.8,4,60141.85416244832,18,18,10653.18690572129
114,football,115,613,value,AVRG-mu-random,6,leiden,62812,4.8,4,60141.85416244832,18,18,17411.833627078962
115,football,115,613,value,AVRG-mu-random,7,leiden,62812,4.8,4,60141.85416244832,18,18,14507.535745530917
116,football,115,613,value,VRG-mu-random,6,consensus,17593,5.384615384615385,5,60141.85416244832,10,8,25843.402710286555
117,football,115,613,value,VRG-mu-random,5,consensus,17593,5.384615384615385,5,60141.85416244832,3,3,29522.361526906785
118,football,115,613,value,VRG-mu-random,3,infomap,63806,9.76923076923077,2,60141.85416244832,1,1,15927.105233314634
119,football,115,613,value,AVRG-mu-random,4,consensus,17593,5.384615384615385,5,60141.85416244832,2,2,60943.50098800364
120,football,115,613,value,VRG-mu-random,4,consensus,17593,5.384615384615385,5,60141.85416244832,2,2,24824.658309498926
121,football,115,613,value,VRG-mu-random,4,infomap,63806,9.76923076923077,2,60141.85416244832,1,1,15927.105233314634
122,football,115,613,value,AVRG-mu-random,5,consensus,17593,5.384615384615385,5,60141.85416244832,3,3,58848.88949382009
123,football,115,613,value,AVRG-mu-random,6,consensus,17593,5.384615384615385,5,60141.85416244832,10,8,36788.30033537879
124,football,115,613,value,VRG-mu-random,5,infomap,63806,9.76923076923077,2,60141.85416244832,2,2,23764.573270389657
125,football,115,613,value,AVRG-mu-random,4,infomap,63806,9.76923076923077,2,60141.85416244832,1,1,60260.85416244832
126,football,115,613,value,VRG-mu-random,7,consensus,17593,5.384615384615385,5,60141.85416244832,11,11,21845.979913275056
127,football,115,613,value,AVRG-mu-random,3,infomap,63806,9.76923076923077,2,60141.85416244832,1,1,60260.85416244832
128,football,115,613,value,VRG-mu-random,7,infomap,63806,9.76923076923077,2,60141.85416244832,3,3,27773.180206784113
129,football,115,613,value,AVRG-mu-random,7,consensus,17593,5.384615384615385,5,60141.85416244832,11,11,28562.79397535402
130,football,115,613,value,AVRG-mu-random,5,infomap,63806,9.76923076923077,2,60141.85416244832,2,2,58296.40942919984
131,football,115,613,value,VRG-mu-random,6,infomap,63806,9.76923076923077,2,60141.85416244832,3,3,27773.180206784113
132,football,115,613,value,AVRG-mu-random,6,infomap,63806,9.76923076923077,2,60141.85416244832,3,3,55338.5302743148
133,football,115,613,value,AVRG-mu-random,7,infomap,63806,9.76923076923077,2,60141.85416244832,3,3,55338.5302743148
134,football,115,613,value,VRG-all-tnodes,3,infomap,63806,9.76923076923077,2,60141.85416244832,13,13,6341.489890909235
135,football,115,613,value,AVRG-all-tnodes,3,infomap,63806,9.76923076923077,2,60141.85416244832,13,13,9572.281245012988
136,polbooks,105,441,value,VRG-mu-random,8,cond,12015,2.0,8,29954.439735840868,18,18,4628.828928678503
137,polbooks,105,441,value,VRG-mu-random,3,cond,12015,2.0,8,29954.439735840868,64,62,4597.4782639266505
138,polbooks,105,441,value,AVRG-mu-random,8,cond,12015,2.0,8,29954.439735840868,18,18,5929.299748544623
139,polbooks,105,441,value,AVRG-mu-random,3,cond,12015,2.0,8,29954.439735840868,64,61,5037.942562381766
140,polbooks,105,441,value,VRG-mu-random,3,spectral,17971,4.0588235294117645,4,29954.439735840868,13,13,35180.58586606731
141,polbooks,105,441,value,VRG-mu-random,8,spectral,17971,4.0588235294117645,4,29954.439735840868,26,26,5207.62019085648
142,polbooks,105,441,value,VRG-all-tnodes,3,cond,12015,2.0,8,29954.439735840868,104,96,4822.957063356707
143,polbooks,105,441,value,VRG-all-tnodes,3,spectral,17971,4.0588235294117645,4,29954.439735840868,34,34,5334.092311762369
144,polbooks,105,441,value,AVRG-mu-random,3,spectral,17971,4.0588235294117645,4,29954.439735840868,13,13,37838.675365138406
145,polbooks,105,441,value,AVRG-mu-random,8,spectral,17971,4.0588235294117645,4,29954.439735840868,26,25,6220.838924664767
146,polbooks,105,441,value,AVRG-all-tnodes,3,cond,12015,2.0,8,29954.439735840868,104,84,4413.854558671522
147,polbooks,105,441,value,VRG-mu-random,3,leiden,22550,3.0,6,29954.439735840868,15,15,26261.829138562753
148,polbooks,105,441,value,AVRG-all-tnodes,3,spectral,17971,4.0588235294117645,4,29954.439735840868,34,33,6016.480419461534
149,polbooks,105,441,value,VRG-mu-random,8,leiden,22550,3.0,6,29954.439735840868,18,18,4845.850141955217
150,polbooks,105,441,value,AVRG-mu-random,3,leiden,22550,3.0,6,29954.439735840868,15,15,29724.22102336904
151,polbooks,105,441,value,AVRG-mu-random,8,leiden,22550,3.0,6,29954.439735840868,18,18,6056.400478672855
152,polbooks,105,441,value,VRG-all-tnodes,3,leiden,22550,3.0,6,29954.439735840868,52,52,4321.212913301919
153,polbooks,105,441,value,AVRG-all-tnodes,3,leiden,22550,3.0,6,29954.439735840868,52,49,4671.3531265326465
154,polbooks,105,441,value,VRG-all-tnodes,3,consensus,10321,3.9714285714285715,7,29954.439735840868,37,37,3932.965858603762
155,polbooks,105,441,value,AVRG-mu-random,3,consensus,10321,3.9714285714285715,7,29954.439735840868,5,5,35959.35867194272
156,polbooks,105,441,value,VRG-mu-random,8,consensus,10321,3.9714285714285715,7,29954.439735840868,15,15,9307.331546225372
157,polbooks,105,441,value,VRG-mu-random,3,consensus,10321,3.9714285714285715,7,29954.439735840868,5,5,29339.298641767058
158,polbooks,105,441,value,AVRG-mu-random,8,consensus,10321,3.9714285714285715,7,29954.439735840868,15,15,10599.268384228657
159,polbooks,105,441,value,AVRG-all-tnodes,3,consensus,10321,3.9714285714285715,7,29954.439735840868,35,34,5219.893801061034
160,polbooks,105,441,value,VRG-mu-random,4,cond,12015,2.0,8,29954.439735840868,39,39,4298.507241866316
161,polbooks,105,441,value,VRG-mu-random,4,spectral,17971,4.0588235294117645,4,29954.439735840868,22,22,22972.239483582827
162,polbooks,105,441,value,VRG-mu-random,6,cond,12015,2.0,8,29954.439735840868,26,26,4546.536552555766
163,polbooks,105,441,value,VRG-mu-random,7,cond,12015,2.0,8,29954.439735840868,22,22,4649.239398358692
164,polbooks,105,441,value,VRG-mu-random,5,spectral,17971,4.0588235294117645,4,29954.439735840868,26,26,15020.437760998931
165,polbooks,105,441,value,VRG-mu-random,6,spectral,17971,4.0588235294117645,4,29954.439735840868,26,26,13165.069011744221
166,polbooks,105,441,value,VRG-mu-random,5,cond,12015,2.0,8,29954.439735840868,32,32,4374.030972523616
167,polbooks,105,441,value,AVRG-mu-random,7,cond,12015,2.0,8,29954.439735840868,22,22,5808.715199499807
168,polbooks,105,441,value,AVRG-mu-random,6,cond,12015,2.0,8,29954.439735840868,26,26,5513.9630756886045
169,polbooks,105,441,value,AVRG-mu-random,4,cond,12015,2.0,8,29954.439735840868,39,39,5021.09879712995
170,polbooks,105,441,value,AVRG-mu-random,5,cond,12015,2.0,8,29954.439735840868,32,32,5191.475967383471
171,polbooks,105,441,value,AVRG-mu-random,4,spectral,17971,4.0588235294117645,4,29954.439735840868,22,21,24097.486299016746
172,polbooks,105,441,value,AVRG-mu-random,5,spectral,17971,4.0588235294117645,4,29954.439735840868,26,25,15958.671022649814
173,polbooks,105,441,value,VRG-mu-random,7,spectral,17971,4.0588235294117645,4,29954.439735840868,29,29,5722.37527408705
174,polbooks,105,441,value,VRG-mu-random,4,leiden,22550,3.0,6,29954.439735840868,16,16,23240.753425871833
175,polbooks,105,441,value,AVRG-mu-random,6,spectral,17971,4.0588235294117645,4,29954.439735840868,26,25,14136.527849735572
176,polbooks,105,441,value,AVRG-mu-random,7,spectral,17971,4.0588235294117645,4,29954.439735840868,29,28,6621.474160069143
177,polbooks,105,441,value,VRG-mu-random,5,leiden,22550,3.0,6,29954.439735840868,21,21,10767.665044062636
178,polbooks,105,441,value,VRG-mu-random,6,leiden,22550,3.0,6,29954.439735840868,20,20,9017.085789742621
179,polbooks,105,441,value,AVRG-mu-random,4,leiden,22550,3.0,6,29954.439735840868,16,16,25700.118478926026
180,polbooks,105,441,value,VRG-mu-random,7,leiden,22550,3.0,6,29954.439735840868,22,22,4987.605370831603
181,polbooks,105,441,value,AVRG-mu-random,5,leiden,22550,3.0,6,29954.439735840868,21,21,12242.221020311725
182,polbooks,105,441,value,AVRG-mu-random,6,leiden,22550,3.0,6,29954.439735840868,20,20,10363.259415287428
183,polbooks,105,441,value,AVRG-mu-random,7,leiden,22550,3.0,6,29954.439735840868,22,22,5999.100965468685
184,polbooks,105,441,value,VRG-mu-random,3,infomap,28238,15.857142857142858,2,29954.439735840868,1,1,13018.498880363222
185,polbooks,105,441,value,VRG-mu-random,4,consensus,10321,3.9714285714285715,7,29954.439735840868,7,7,26824.66811257786
186,polbooks,105,441,value,VRG-mu-random,4,infomap,28238,15.857142857142858,2,29954.439735840868,1,1,13018.498880363222
187,polbooks,105,441,value,VRG-mu-random,5,consensus,10321,3.9714285714285715,7,29954.439735840868,12,12,20317.48985753862
188,polbooks,105,441,value,VRG-mu-random,6,consensus,10321,3.9714285714285715,7,29954.439735840868,12,12,20317.48985753862
189,polbooks,105,441,value,AVRG-mu-random,4,consensus,10321,3.9714285714285715,7,29954.439735840868,7,7,32867.80685932385
190,polbooks,105,441,value,VRG-mu-random,7,consensus,10321,3.9714285714285715,7,29954.439735840868,14,14,15468.22980085038
191,polbooks,105,441,value,AVRG-mu-random,5,consensus,10321,3.9714285714285715,7,29954.439735840868,12,12,22839.637556978872
192,polbooks,105,441,value,AVRG-mu-random,6,consensus,10321,3.9714285714285715,7,29954.439735840868,12,12,22839.637556978872
193,polbooks,105,441,value,VRG-mu-random,5,infomap,28238,15.857142857142858,2,29954.439735840868,2,2,19281.41143086249
194,polbooks,105,441,value,AVRG-mu-random,7,consensus,10321,3.9714285714285715,7,29954.439735840868,14,14,17329.245902543895
195,polbooks,105,441,value,VRG-mu-random,7,infomap,28238,15.857142857142858,2,29954.439735840868,3,3,22335.759624718445
196,polbooks,105,441,value,VRG-mu-random,6,infomap,28238,15.857142857142858,2,29954.439735840868,3,3,22335.759624718445
197,polbooks,105,441,value,AVRG-mu-random,3,infomap,28238,15.857142857142858,2,29954.439735840868,1,1,30063.439735840868
198,polbooks,105,441,value,AVRG-mu-random,4,infomap,28238,15.857142857142858,2,29954.439735840868,1,1,30063.439735840868
199,polbooks,105,441,value,VRG-all-tnodes,3,infomap,28238,15.857142857142858,2,29954.439735840868,7,7,5959.624522012246
200,polbooks,105,441,value,AVRG-mu-random,5,infomap,28238,15.857142857142858,2,29954.439735840868,2,2,31348.058543253577
201,polbooks,105,441,value,AVRG-mu-random,7,infomap,28238,15.857142857142858,2,29954.439735840868,3,3,31307.085882919713
202,polbooks,105,441,value,AVRG-mu-random,6,infomap,28238,15.857142857142858,2,29954.439735840868,3,3,31307.085882919713
203,polbooks,105,441,value,AVRG-all-tnodes,3,infomap,28238,15.857142857142858,2,29954.439735840868,7,7,11627.392848189078
204,polblogs,1222,16714,value,VRG-mu-random,8,cond,8554258,2.0,76,8856733.660589287,199,199,60582.165221508425
205,polblogs,1222,16714,value,VRG-mu-random,3,cond,8554258,2.0,76,8856733.660589287,678,673,63628.279654211954
206,polblogs,1222,16714,value,AVRG-mu-random,3,cond,8554258,2.0,76,8856733.660589287,684,641,71238.08313423255
207,polblogs,1222,16714,value,AVRG-mu-random,8,cond,8554258,2.0,76,8856733.660589287,199,199,89603.31628130801
208,polblogs,1222,16714,value,VRG-mu-random,3,spectral,9533876,7.783333333333333,6,8856733.660589287,64,63,8095296.009913854
209,polblogs,1222,16714,value,VRG-mu-random,8,spectral,9533876,7.783333333333333,6,8856733.660589287,125,124,5586671.825577105
210,polblogs,1222,16714,value,VRG-mu-random,3,leiden,13164661,3.2779850746268657,7,8856733.660589287,25,25,6907476.0588514665
211,polblogs,1222,16714,value,AVRG-mu-random,3,spectral,9533876,7.783333333333333,6,8856733.660589287,64,61,9133572.112054732
212,polblogs,1222,16714,value,AVRG-mu-random,3,leiden,13164661,3.2779850746268657,7,8856733.660589287,25,25,9036854.530416679
213,polblogs,1222,16714,value,VRG-mu-random,8,leiden,13164661,3.2779850746268657,7,8856733.660589287,63,63,5138385.046402388
214,polblogs,1222,16714,value,AVRG-mu-random,8,leiden,13164661,3.2779850746268657,7,8856733.660589287,63,63,5948446.483125758
215,polblogs,1222,16714,value,AVRG-mu-random,8,spectral,9533876,7.783333333333333,6,8856733.660589287,125,122,5905237.714403347
216,polblogs,1222,16714,value,VRG-all-tnodes,3,spectral,9533876,7.783333333333333,6,8856733.660589287,180,179,119696.48564441019
217,polblogs,1222,16714,value,AVRG-all-tnodes,3,spectral,9533876,7.783333333333333,6,8856733.660589287,180,177,169055.7351576427
218,polblogs,1222,16714,value,VRG-all-tnodes,3,leiden,13164661,3.2779850746268657,7,8856733.660589287,536,517,57266.30538343146
219,polblogs,1222,16714,value,AVRG-all-tnodes,3,leiden,13164661,3.2779850746268657,7,8856733.660589287,536,491,70906.76530221538
220,polblogs,1222,16714,value,VRG-all-tnodes,3,cond,8554258,2.0,76,8856733.660589287,1221,1113,72162.61493827618
221,polblogs,1222,16714,value,AVRG-all-tnodes,3,cond,8554258,2.0,76,8856733.660589287,1221,879,63410.06818255714
222,polblogs,1222,16714,value,AVRG-all-tnodes,3,consensus,8569331,175.42857142857142,4,8856733.660589287,7,7,2996471.9713106616
223,polblogs,1222,16714,value,AVRG-mu-random,8,consensus,8569331,175.42857142857142,4,8856733.660589287,1,1,8857959.660589287
224,polblogs,1222,16714,value,VRG-mu-random,3,consensus,8569331,175.42857142857142,4,8856733.660589287,1,1,1562612.2837979903
225,polblogs,1222,16714,value,VRG-all-tnodes,3,consensus,8569331,175.42857142857142,4,8856733.660589287,7,7,559321.178912622
226,polblogs,1222,16714,value,AVRG-mu-random,3,consensus,8569331,175.42857142857142,4,8856733.660589287,1,1,8857959.660589287
227,polblogs,1222,16714,value,VRG-mu-random,8,consensus,8569331,175.42857142857142,4,8856733.660589287,1,1,1562612.2837979903
228,polblogs,1222,16714,value,VRG-mu-random,4,spectral,9533876,7.783333333333333,6,8856733.660589287,89,88,7643225.056602843
229,polblogs,1222,16714,value,VRG-mu-random,7,cond,8554258,2.0,76,8856733.660589287,244,244,59330.15565441373
230,polblogs,1222,16714,value,AVRG-mu-random,7,cond,8554258,2.0,76,8856733.660589287,244,244,84092.19933069726
231,polblogs,1222,16714,value,VRG-mu-random,5,spectral,9533876,7.783333333333333,6,8856733.660589287,101,100,7182366.148183666
232,polblogs,1222,16714,value,VRG-mu-random,6,cond,8554258,2.0,76,8856733.660589287,281,281,60223.715121901754
233,polblogs,1222,16714,value,AVRG-mu-random,6,cond,8554258,2.0,76,8856733.660589287,281,280,81660.38273457225
234,polblogs,1222,16714,value,VRG-mu-random,5,cond,8554258,2.0,76,8856733.660589287,348,348,59381.125774153654
235,polblogs,1222,16714,value,AVRG-mu-random,5,cond,8554258,2.0,76,8856733.660589287,348,347,77683.7836963317
236,polblogs,1222,16714,value,VRG-mu-random,4,cond,8554258,2.0,76,8856733.660589287,461,461,60088.46661303785
237,polblogs,1222,16714,value,AVRG-mu-random,4,cond,8554258,2.0,76,8856733.660589287,461,449,73635.97545368511
238,polblogs,1222,16714,value,VRG-mu-random,4,leiden,13164661,3.2779850746268657,7,8856733.660589287,37,37,6899627.054234444
239,polblogs,1222,16714,value,VRG-mu-random,5,leiden,13164661,3.2779850746268657,7,8856733.660589287,51,51,6546003.660647821
240,polblogs,1222,16714,value,VRG-mu-random,6,leiden,13164661,3.2779850746268657,7,8856733.660589287,53,53,6162441.839947514
241,polblogs,1222,16714,value,VRG-mu-random,7,leiden,13164661,3.2779850746268657,7,8856733.660589287,60,60,5781968.92025724
242,polblogs,1222,16714,value,AVRG-mu-random,4,leiden,13164661,3.2779850746268657,7,8856733.660589287,37,37,8647537.2650855
243,polblogs,1222,16714,value,AVRG-mu-random,4,spectral,9533876,7.783333333333333,6,8856733.660589287,89,86,8308559.82261103
244,polblogs,1222,16714,value,AVRG-mu-random,5,leiden,13164661,3.2779850746268657,7,8856733.660589287,51,51,7781531.131264182
245,polblogs,1222,16714,value,VRG-mu-random,6,spectral,9533876,7.783333333333333,6,8856733.660589287,109,108,6754935.2182885865
246,polblogs,1222,16714,value,AVRG-mu-random,5,spectral,9533876,7.783333333333333,6,8856733.660589287,101,98,7710167.669276028
247,polblogs,1222,16714,value,AVRG-mu-random,6,spectral,9533876,7.783333333333333,6,8856733.660589287,109,106,7204695.548164812
248,polblogs,1222,16714,value,VRG-mu-random,7,spectral,9533876,7.783333333333333,6,8856733.660589287,116,115,6285264.638414684
249,polblogs,1222,16714,value,AVRG-mu-random,6,leiden,13164661,3.2779850746268657,7,8856733.660589287,53,53,7255378.222202543
250,polblogs,1222,16714,value,AVRG-mu-random,7,leiden,13164661,3.2779850746268657,7,8856733.660589287,60,60,6746482.645904806
251,polblogs,1222,16714,value,AVRG-mu-random,7,spectral,9533876,7.783333333333333,6,8856733.660589287,116,113,6670197.689369435
252,polblogs,1222,16714,value,VRG-mu-random,4,consensus,8569331,175.42857142857142,4,8856733.660589287,1,1,1562612.2837979903
253,polblogs,1222,16714,value,VRG-mu-random,5,consensus,8569331,175.42857142857142,4,8856733.660589287,1,1,1562612.2837979903
254,polblogs,1222,16714,value,VRG-mu-random,7,consensus,8569331,175.42857142857142,4,8856733.660589287,1,1,1562612.2837979903
255,polblogs,1222,16714,value,AVRG-mu-random,4,consensus,8569331,175.42857142857142,4,8856733.660589287,1,1,8857959.660589287
256,polblogs,1222,16714,value,AVRG-mu-random,5,consensus,8569331,175.42857142857142,4,8856733.660589287,1,1,8857959.660589287
257,polblogs,1222,16714,value,AVRG-mu-random,6,consensus,8569331,175.42857142857142,4,8856733.660589287,1,1,8857959.660589287
258,polblogs,1222,16714,value,VRG-mu-random,6,consensus,8569331,175.42857142857142,4,8856733.660589287,1,1,1562612.2837979903
259,polblogs,1222,16714,value,AVRG-mu-random,7,consensus,8569331,175.42857142857142,4,8856733.660589287,1,1,8857959.660589287
260,polblogs,1222,16714,value,VRG-mu-random,3,infomap,14861694,28.75,3,8856733.660589287,4,4,3598339.4257768593
261,polblogs,1222,16714,value,VRG-mu-random,4,infomap,14861694,28.75,3,8856733.660589287,5,5,3986968.3299766546
262,polblogs,1222,16714,value,VRG-all-tnodes,3,infomap,14861694,28.75,3,8856733.660589287,44,44,656592.4212545478
263,polblogs,1222,16714,value,VRG-mu-random,5,infomap,14861694,28.75,3,8856733.660589287,6,6,4302587.730050077
264,polblogs,1222,16714,value,AVRG-mu-random,3,infomap,14861694,28.75,3,8856733.660589287,4,4,8916352.875338428
265,polblogs,1222,16714,value,VRG-mu-random,6,infomap,14861694,28.75,3,8856733.660589287,7,7,4561215.365943719
266,polblogs,1222,16714,value,AVRG-mu-random,4,infomap,14861694,28.75,3,8856733.660589287,5,5,8915157.550233355
267,polblogs,1222,16714,value,AVRG-mu-random,5,infomap,14861694,28.75,3,8856733.660589287,6,6,8858955.253389392
268,polblogs,1222,16714,value,AVRG-mu-random,6,infomap,14861694,28.75,3,8856733.660589287,7,7,8828073.76139298
269,polblogs,1222,16714,value,AVRG-all-tnodes,3,infomap,14861694,28.75,3,8856733.660589287,44,44,3232233.6989286863
270,polblogs,1222,16714,value,VRG-mu-random,7,infomap,14861694,28.75,3,8856733.660589287,9,9,4954963.60349004
271,polblogs,1222,16714,value,AVRG-mu-random,7,infomap,14861694,28.75,3,8856733.660589287,9,9,8736572.193132551
272,cora,2485,5069,value,VRG-mu-random,8,cond,1967253,2.0,42,19647174.366505016,433,433,90100.96465208322
273,cora,2485,5069,value,VRG-mu-random,3,cond,1967253,2.0,42,19647174.366505016,1422,891,65109.308639428324
274,cora,2485,5069,value,AVRG-mu-random,8,cond,1967253,2.0,42,19647174.366505016,439,438,112745.40262944605
275,cora,2485,5069,value,AVRG-mu-random,3,cond,1967253,2.0,42,19647174.366505016,1431,899,67871.89711022077
276,cora,2485,5069,value,VRG-mu-random,3,spectral,2253524,6.341935483870968,4,19647174.366505016,272,129,36032293.96379969
277,cora,2485,5069,value,VRG-mu-random,8,spectral,2253524,6.341935483870968,4,19647174.366505016,360,219,24862510.324172854
278,cora,2485,5069,value,AVRG-mu-random,3,spectral,2253524,6.341935483870968,4,19647174.366505016,263,159,36568788.08805857
279,cora,2485,5069,value,AVRG-mu-random,8,spectral,2253524,6.341935483870968,4,19647174.366505016,360,256,24950995.869274635
280,cora,2485,5069,value,VRG-all-tnodes,3,spectral,2253524,6.341935483870968,4,19647174.366505016,495,348,209098.2450827247
281,cora,2485,5069,value,VRG-mu-random,3,leiden,9478981,2.7567185289957568,6,19647174.366505016,89,77,34560624.73807
282,cora,2485,5069,value,VRG-mu-random,8,leiden,9478981,2.7567185289957568,6,19647174.366505016,174,172,20034418.226836264
283,cora,2485,5069,value,AVRG-all-tnodes,3,spectral,2253524,6.341935483870968,4,19647174.366505016,465,356,246082.63043947212
284,cora,2485,5069,value,AVRG-mu-random,3,leiden,9478981,2.7567185289957568,6,19647174.366505016,89,77,35243154.66466159
285,cora,2485,5069,value,AVRG-mu-random,8,leiden,9478981,2.7567185289957568,6,19647174.366505016,174,172,20245484.3708222
286,cora,2485,5069,value,VRG-all-tnodes,3,leiden,9478981,2.7567185289957568,6,19647174.366505016,1414,690,80495.68025313003
287,cora,2485,5069,value,AVRG-all-tnodes,3,leiden,9478981,2.7567185289957568,6,19647174.366505016,1414,869,94261.61168960397
288,cora,2485,5069,value,VRG-all-tnodes,3,cond,1967253,2.0,42,19647174.366505016,2484,719,39321.68156319441
289,cora,2485,5069,value,AVRG-all-tnodes,3,cond,1967253,2.0,42,19647174.366505016,2484,582,29679.6131845346
290,cora,2485,5069,value,VRG-mu-random,4,spectral,2253524,6.341935483870968,4,19647174.366505016,302,161,33309276.565800197
291,cora,2485,5069,value,VRG-mu-random,5,spectral,2253524,6.341935483870968,4,19647174.366505016,326,185,30610803.88057535
292,cora,2485,5069,value,VRG-mu-random,7,cond,1967253,2.0,42,19647174.366505016,498,496,86941.13230521779
293,cora,2485,5069,value,VRG-mu-random,6,spectral,2253524,6.341935483870968,4,19647174.366505016,334,193,29469386.993114498
294,cora,2485,5069,value,AVRG-mu-random,7,cond,1967253,2.0,42,19647174.366505016,498,494,108279.7864601333
295,cora,2485,5069,value,VRG-mu-random,6,cond,1967253,2.0,42,19647174.366505016,596,591,85600.60210359258
296,cora,2485,5069,value,VRG-mu-random,7,spectral,2253524,6.341935483870968,4,19647174.366505016,352,211,26413353.745484035
297,cora,2485,5069,value,AVRG-mu-random,6,cond,1967253,2.0,42,19647174.366505016,596,585,103874.87471400342
298,cora,2485,5069,value,VRG-mu-random,5,cond,1967253,2.0,42,19647174.366505016,741,722,83944.02534172728
299,cora,2485,5069,value,AVRG-mu-random,5,cond,1967253,2.0,42,19647174.366505016,741,709,98863.67832605845
300,cora,2485,5069,value,VRG-mu-random,4,leiden,9478981,2.7567185289957568,6,19647174.366505016,138,133,32033731.66279359
301,cora,2485,5069,value,AVRG-mu-random,4,spectral,2253524,6.341935483870968,4,19647174.366505016,302,198,33446227.83804981
302,cora,2485,5069,value,VRG-mu-random,5,leiden,9478981,2.7567185289957568,6,19647174.366505016,163,160,28450237.439313143
303,cora,2485,5069,value,AVRG-mu-random,5,spectral,2253524,6.341935483870968,4,19647174.366505016,326,222,30727540.358612146
304,cora,2485,5069,value,VRG-mu-random,4,cond,1967253,2.0,42,19647174.366505016,952,848,79817.45133689391
305,cora,2485,5069,value,VRG-mu-random,6,leiden,9478981,2.7567185289957568,6,19647174.366505016,165,162,25522674.16366062
306,cora,2485,5069,value,AVRG-mu-random,6,spectral,2253524,6.341935483870968,4,19647174.366505016,334,230,29579419.13938638
307,cora,2485,5069,value,AVRG-mu-random,7,spectral,2253524,6.341935483870968,4,19647174.366505016,352,248,26508343.150601618
308,cora,2485,5069,value,VRG-mu-random,7,leiden,9478981,2.7567185289957568,6,19647174.366505016,168,165,23544032.02023504
309,cora,2485,5069,value,AVRG-mu-random,4,cond,1967253,2.0,42,19647174.366505016,952,840,91297.46327992334
310,cora,2485,5069,value,AVRG-mu-random,4,leiden,9478981,2.7567185289957568,6,19647174.366505016,138,133,32447670.609274447
311,cora,2485,5069,value,AVRG-mu-random,5,leiden,9478981,2.7567185289957568,6,19647174.366505016,163,158,28778189.846804436
312,cora,2485,5069,value,AVRG-mu-random,6,leiden,9478981,2.7567185289957568,6,19647174.366505016,165,162,25796102.134656608
313,cora,2485,5069,value,AVRG-mu-random,7,leiden,9478981,2.7567185289957568,6,19647174.366505016,168,165,23783805.439149413
314,cora,2485,5069,value,VRG-mu-random,3,infomap,11137835,6.100616016427105,4,19647174.366505016,14,13,23753736.0527589
315,cora,2485,5069,value,VRG-mu-random,4,infomap,11137835,6.100616016427105,4,19647174.366505016,26,25,28072648.558787547
316,cora,2485,5069,value,AVRG-mu-random,3,infomap,11137835,6.100616016427105,4,19647174.366505016,14,13,27112908.876136694
317,cora,2485,5069,value,AVRG-mu-random,4,infomap,11137835,6.100616016427105,4,19647174.366505016,26,25,30036402.677809455
318,cora,2485,5069,value,VRG-mu-random,5,infomap,11137835,6.100616016427105,4,19647174.366505016,42,41,29739820.827923175
319,cora,2485,5069,value,VRG-mu-random,6,infomap,11137835,6.100616016427105,4,19647174.366505016,61,60,30135800.83216111
320,cora,2485,5069,value,AVRG-mu-random,5,infomap,11137835,6.100616016427105,4,19647174.366505016,42,41,31040894.72534037
321,cora,2485,5069,value,AVRG-mu-random,6,infomap,11137835,6.100616016427105,4,19647174.366505016,61,60,30983562.108206548
322,cora,2485,5069,value,VRG-mu-random,7,infomap,11137835,6.100616016427105,4,19647174.366505016,80,79,28767398.113404248
323,cora,2485,5069,value,AVRG-mu-random,7,infomap,11137835,6.100616016427105,4,19647174.366505016,80,79,29375352.077068754
324,cora,2485,5069,value,VRG-all-tnodes,3,infomap,11137835,6.100616016427105,4,19647174.366505016,487,435,657190.8466929932
325,cora,2485,5069,value,AVRG-all-tnodes,3,infomap,11137835,6.100616016427105,4,19647174.366505016,487,470,701871.113907394
326,cora,2485,5069,value,AVRG-all-tnodes,5,consensus,1811142,23.581818181818182,9,19647174.366505016,110,94,1762326.512229816
327,citeseer,2110,3668,value,VRG-mu-random,8,cond,605947,2.0,37,13406668.883805208,373,373,71441.80698353722
328,citeseer,2110,3668,value,VRG-mu-random,3,cond,605947,2.0,37,13406668.883805208,1195,643,45096.526865970794
329,citeseer,2110,3668,value,AVRG-mu-random,3,cond,605947,2.0,37,13406668.883805208,1205,753,54516.457976348065
330,citeseer,2110,3668,value,AVRG-mu-random,8,cond,605947,2.0,37,13406668.883805208,373,372,93655.89570239584
331,citeseer,2110,3668,value,VRG-mu-random,3,spectral,754163,6.194581280788177,5,13406668.883805208,246,104,25080700.52368364
332,citeseer,2110,3668,value,VRG-mu-random,8,spectral,754163,6.194581280788177,5,13406668.883805208,329,186,16937934.62864272
333,citeseer,2110,3668,value,AVRG-mu-random,3,spectral,754163,6.194581280788177,5,13406668.883805208,246,160,25193600.26141716
334,citeseer,2110,3668,value,AVRG-mu-random,8,spectral,754163,6.194581280788177,5,13406668.883805208,329,243,16998391.821835894
335,citeseer,2110,3668,value,VRG-all-tnodes,3,spectral,754163,6.194581280788177,5,13406668.883805208,406,261,162543.55735608202
336,citeseer,2110,3668,value,VRG-mu-random,3,leiden,6156580,2.7903225806451615,6,13406668.883805208,101,76,24913910.69598264
337,citeseer,2110,3668,value,VRG-mu-random,8,leiden,6156580,2.7903225806451615,6,13406668.883805208,210,204,10186410.968481483
338,citeseer,2110,3668,value,AVRG-all-tnodes,3,spectral,754163,6.194581280788177,5,13406668.883805208,406,319,202065.5528498626
339,citeseer,2110,3668,value,AVRG-mu-random,3,leiden,6156580,2.7903225806451615,6,13406668.883805208,101,90,25250500.88648884
340,citeseer,2110,3668,value,AVRG-mu-random,8,leiden,6156580,2.7903225806451615,6,13406668.883805208,210,209,10274672.22806021
341,citeseer,2110,3668,value,VRG-all-tnodes,3,cond,605947,2.0,37,13406668.883805208,2109,499,26185.492944467638
342,citeseer,2110,3668,value,VRG-all-tnodes,3,leiden,6156580,2.7903225806451615,6,13406668.883805208,1178,588,75399.27809653856
343,citeseer,2110,3668,value,AVRG-all-tnodes,3,leiden,6156580,2.7903225806451615,6,13406668.883805208,1178,746,87795.02946599535
344,citeseer,2110,3668,value,AVRG-all-tnodes,3,cond,605947,2.0,37,13406668.883805208,2109,460,22306.871401795215
345,citeseer,2110,3668,value,VRG-mu-random,4,spectral,754163,6.194581280788177,5,13406668.883805208,284,141,22538984.082816597
346,citeseer,2110,3668,value,VRG-mu-random,5,spectral,754163,6.194581280788177,5,13406668.883805208,299,156,21133554.816179566
347,citeseer,2110,3668,value,VRG-mu-random,7,cond,605947,2.0,37,13406668.883805208,425,425,70122.06319576624
348,citeseer,2110,3668,value,VRG-mu-random,6,spectral,754163,6.194581280788177,5,13406668.883805208,310,167,19834494.22889177
349,citeseer,2110,3668,value,AVRG-mu-random,7,cond,605947,2.0,37,13406668.883805208,425,424,90236.83995507265
350,citeseer,2110,3668,value,VRG-mu-random,6,cond,605947,2.0,37,13406668.883805208,504,497,67361.55172332664
351,citeseer,2110,3668,value,VRG-mu-random,7,spectral,754163,6.194581280788177,5,13406668.883805208,318,175,18707760.241114713
352,citeseer,2110,3668,value,AVRG-mu-random,6,cond,605947,2.0,37,13406668.883805208,504,495,84877.2295175715
353,citeseer,2110,3668,value,VRG-mu-random,5,cond,605947,2.0,37,13406668.883805208,629,584,65244.66565151478
354,citeseer,2110,3668,value,AVRG-mu-random,5,cond,605947,2.0,37,13406668.883805208,629,599,80845.61329479449
355,citeseer,2110,3668,value,VRG-mu-random,4,leiden,6156580,2.7903225806451615,6,13406668.883805208,158,138,21584812.244443893
356,citeseer,2110,3668,value,AVRG-mu-random,4,spectral,754163,6.194581280788177,5,13406668.883805208,284,198,22626867.162397552
357,citeseer,2110,3668,value,VRG-mu-random,4,cond,605947,2.0,37,13406668.883805208,808,638,58294.392780222035
358,citeseer,2110,3668,value,VRG-mu-random,5,leiden,6156580,2.7903225806451615,6,13406668.883805208,183,168,18701913.0929569
359,citeseer,2110,3668,value,AVRG-mu-random,5,spectral,754163,6.194581280788177,5,13406668.883805208,299,213,21212331.07531202
360,citeseer,2110,3668,value,AVRG-mu-random,6,spectral,754163,6.194581280788177,5,13406668.883805208,310,224,19906734.46190608
361,citeseer,2110,3668,value,AVRG-mu-random,7,spectral,754163,6.194581280788177,5,13406668.883805208,318,232,18775108.153077908
362,citeseer,2110,3668,value,VRG-mu-random,6,leiden,6156580,2.7903225806451615,6,13406668.883805208,200,191,14621072.843714489
363,citeseer,2110,3668,value,VRG-mu-random,7,leiden,6156580,2.7903225806451615,6,13406668.883805208,205,198,12647104.557493106
364,citeseer,2110,3668,value,AVRG-mu-random,4,leiden,6156580,2.7903225806451615,6,13406668.883805208,158,151,21776343.92802747
365,citeseer,2110,3668,value,AVRG-mu-random,4,cond,605947,2.0,37,13406668.883805208,808,721,74647.09181281831
366,citeseer,2110,3668,value,AVRG-mu-random,5,leiden,6156580,2.7903225806451615,6,13406668.883805208,183,180,18848917.591574296
367,citeseer,2110,3668,value,AVRG-mu-random,6,leiden,6156580,2.7903225806451615,6,13406668.883805208,200,198,14735543.83173477
368,citeseer,2110,3668,value,AVRG-mu-random,7,leiden,6156580,2.7903225806451615,6,13406668.883805208,205,204,12747456.853058206
369,citeseer,2110,3668,value,VRG-mu-random,3,infomap,6793286,5.449367088607595,3,13406668.883805208,29,28,20947975.242371712
370,citeseer,2110,3668,value,AVRG-mu-random,3,infomap,6793286,5.449367088607595,3,13406668.883805208,29,28,22071050.498586237
371,citeseer,2110,3668,value,VRG-mu-random,4,infomap,6793286,5.449367088607595,3,13406668.883805208,55,54,22833241.023288578
372,citeseer,2110,3668,value,AVRG-mu-random,4,infomap,6793286,5.449367088607595,3,13406668.883805208,55,54,23424163.12256961
373,citeseer,2110,3668,value,VRG-mu-random,5,infomap,6793286,5.449367088607595,3,13406668.883805208,81,80,22428491.88285432
374,citeseer,2110,3668,value,AVRG-mu-random,5,infomap,6793286,5.449367088607595,3,13406668.883805208,81,80,22800714.224066705
375,citeseer,2110,3668,value,AVRG-mu-random,6,infomap,6793286,5.449367088607595,3,13406668.883805208,116,115,19904373.495720714
376,citeseer,2110,3668,value,VRG-mu-random,6,infomap,6793286,5.449367088607595,3,13406668.883805208,116,115,19675235.79550495
377,citeseer,2110,3668,value,VRG-mu-random,7,infomap,6793286,5.449367088607595,3,13406668.883805208,149,148,16021788.835986149
378,citeseer,2110,3668,value,AVRG-mu-random,7,infomap,6793286,5.449367088607595,3,13406668.883805208,149,148,16171124.912440645
379,citeseer,2110,3668,value,VRG-all-tnodes,3,infomap,6793286,5.449367088607595,3,13406668.883805208,474,410,595438.214680959
380,citeseer,2110,3668,value,AVRG-all-tnodes,3,infomap,6793286,5.449367088607595,3,13406668.883805208,474,451,632173.4380028454
